age,lotka,naive_geometric,simulation
0,0.51879,0.5,0.51879
1,0.269143,0.25,0.269143
2,0.139629,0.125,0.139629
3,0.072438,0.0625,0.072438
