mode,alpha,f,A,cv_size,cv_damage,crit_cv,rls_mean,rls_cv,rls_cv_ratio_vs_sizer
sizer,0.0,0.400,1.00000,0.0600,0.06000,0.00,26.1868,0.015495,1.00000
adder,1.0,0.400,1.09109,0.0600,0.06547,0.00,26.2025,0.016380,1.05714
timer,2.0,0.400,1.66667,0.0600,0.10000,0.00,26.2416,0.022034,1.42203
sizer,0.0,0.400,1.00000,0.0600,0.06000,0.45,25.2688,0.308764,1.00000
adder,1.0,0.400,1.09109,0.0600,0.06547,0.45,25.2686,0.308836,1.00023
timer,2.0,0.400,1.66667,0.0600,0.10000,0.45,25.2736,0.309220,1.00148
