rls,sizer_frac,timer_frac
24,0.000000,0.000125
25,0.006275,0.068050
26,0.800675,0.629075
27,0.192975,0.295625
28,0.000075,0.007125
